test,training,validation
0.3256666660308838,0.3283333480358124,0.3226666748523712
