expected,real
0,-39.136284
1,53.05538
0,-45.239075
0,-39.23873
1,53.231377
0,-45.37574
0,-39.26085
1,53.259697
0,-45.43258
0,-39.10022
1,53.16104
0,-45.281086
0,-39.029785
1,53.014328
0,-45.18099
0,-38.956078
1,52.907707
0,-45.08781
0,-38.799187
1,52.683075
0,-44.853664
0,-38.743713
1,52.65452
0,-44.85603
0,-38.70549
1,52.55943
0,-44.866753
0,-38.512196
1,52.26372
0,-44.548904
